Method,Bucket,Min_FICO,Max_FICO,Borrowers,Defaults,Default_Rate,Risk_Grade
MSE,1,408,520,301,199,0.6611295681063123,CCC
MSE,2,521,552,496,229,0.46169354838709675,B
MSE,3,553,580,911,307,0.33699231613611413,BB
MSE,4,581,611,1561,381,0.24407431133888532,BBB
MSE,5,612,649,2465,402,0.16308316430020284,A
MSE,6,650,696,2609,256,0.09812188577999234,AA
MSE,7,697,850,1657,77,0.04646952323476162,AAA
