Method,Bucket,Min_FICO,Max_FICO,Borrowers,Defaults,Default_Rate,Risk_Grade
Log-Likelihood,1,408,520,301,199,0.6611295681063123,BB
Log-Likelihood,2,521,580,1407,536,0.38095238095238093,BBB
Log-Likelihood,3,581,640,3438,703,0.20447934845840604,A
Log-Likelihood,4,641,696,3197,336,0.10509852987175478,AA
Log-Likelihood,5,697,850,1657,77,0.04646952323476162,AAA
