Method,Bucket,Min_FICO,Max_FICO,Borrowers,Defaults,Default_Rate,Risk_Grade
Log-Likelihood,1,408,520,301,199,0.6611295681063123,CCC
Log-Likelihood,2,521,552,496,229,0.46169354838709675,B
Log-Likelihood,3,553,580,911,307,0.33699231613611413,BB
Log-Likelihood,4,581,611,1561,381,0.24407431133888532,BBB
Log-Likelihood,5,612,649,2465,402,0.16308316430020284,A
Log-Likelihood,6,650,719,3414,307,0.08992384299941418,AA
Log-Likelihood,7,720,850,852,26,0.03051643192488263,AAA
