Method,Bucket,Min_FICO,Max_FICO,Borrowers,Defaults,Default_Rate,Risk_Grade
MSE,1,408,520,301,199,0.6611295681063123,BB
MSE,2,521,552,496,229,0.46169354838709675,BBB
MSE,3,553,610,2404,674,0.28036605657237934,A
MSE,4,611,649,2533,416,0.16423213580734308,AA
MSE,5,650,850,4266,333,0.07805907172995781,AAA
