Model,AUC-ROC,KS Statistic,Log-Loss
Logistic Regression,1.0,1.0,0.004753833128377675
Decision Tree,0.9953805339081413,0.9500248714972641,0.09133748663988754
Random Forest,0.9998698391643176,0.9899353341071132,0.015845823602289623
XGBoost,0.9999817609020063,0.9960703034322667,0.010506449121064416
